class,cap-color,odor
e,b,n
e,b,n
e,b,n
e,b,n
e,b,n
e,b,n
e,b,n
e,b,n
e,b,n
e,b,n
e,b,n
e,b,n
e,b,n
e,b,n
e,b,n
e,b,n
e,b,n
e,b,n
e,b,n
e,b,n
e,b,n
e,b,n
e,b,n
e,b,n
e,b,n
e,b,n
e,b,n
e,b,n
e,b,n
e,b,n
e,b,n
e,b,n
e,b,n
e,b,n
e,b,n
e,b,n
e,b,n
e,b,n
e,b,n
e,b,n
e,b,n
e,b,n
e,b,n
e,b,n
e,b,n
e,b,n
e,b,n
e,b,n
e,c,n
e,c,n
e,c,n
e,c,n
e,c,n
e,c,n
e,c,n
e,c,n
e,c,n
e,c,n
e,c,n
e,c,n
e,c,n
e,c,n
e,c,n
e,c,n
e,c,n
e,c,n
e,c,n
e,c,n
e,c,n
e,c,n
e,c,n
e,c,n
e,c,n
e,c,n
e,c,n
e,c,n
e,c,n
e,c,n
e,c,n
e,c,n
e,e,n
e,e,n
e,e,n
e,e,n
e,e,n
e,e,n
e,e,n
e,e,n
e,e,n
e,e,n
e,e,n
e,e,n
e,e,n
e,e,n
e,e,n
e,e,n
e,e,n
e,e,n
e,e,n
e,e,n
e,e,n
e,e,n
e,e,n
e,e,n
e,e,n
e,e,n
e,e,n
e,e,n
e,e,n
e,e,n
e,e,n
e,e,n
e,e,n
e,e,n
e,e,n
e,e,n
e,e,n
e,e,n
e,e,n
e,e,n
e,e,n
e,e,n
e,e,n
e,e,n
e,e,n
e,e,n
e,e,n
e,e,n
e,e,n
e,e,n
e,e,n
e,e,n
e,e,n
e,e,n
e,e,n
e,e,n
e,e,n
e,e,n
e,e,n
e,e,n
e,e,n
e,e,n
e,e,n
e,e,n
e,e,n
e,e,n
e,e,n
e,e,n
e,e,n
e,e,n
e,e,n
e,e,n
e,e,n
e,e,n
e,e,n
e,e,n
e,e,n
e,e,n
e,e,n
e,e,n
e,e,n
e,e,n
e,e,n
e,e,n
e,e,n
e,e,n
e,e,n
e,e,n
e,e,n
e,e,n
e,e,n
e,e,n
e,e,n
e,e,n
e,e,n
e,e,n
e,e,n
e,e,n
e,e,n
e,e,n
e,e,n
e,e,n
e,e,n
e,e,n
e,e,n
e,e,n
e,e,n
e,e,n
e,e,n
e,e,n
e,e,n
e,e,n
e,e,n
e,e,n
e,e,n
e,e,n
e,e,n
e,e,n
e,e,n
e,e,n
e,e,n
e,e,n
e,e,n
e,e,n
e,e,n
e,e,n
e,e,n
e,e,n
e,e,n
e,e,n
e,e,n
e,e,n
e,e,n
e,e,n
e,e,n
e,e,n
e,e,n
e,e,n
e,e,n
e,e,n
e,e,n
e,e,n
e,e,n
e,e,n
e,e,n
e,e,n
e,e,n
e,e,n
e,e,n
e,e,n
e,e,n
e,e,n
e,e,n
e,e,n
e,e,n
e,e,n
e,e,n
e,e,n
e,e,n
e,e,n
e,e,n
e,e,n
e,e,n
e,e,n
e,e,n
e,e,n
e,e,n
e,e,n
e,e,n
e,e,n
e,e,n
e,e,n
e,e,n
e,e,n
e,e,n
e,e,n
e,e,n
e,e,n
e,e,n
e,e,n
e,e,n
e,e,n
e,e,n
e,e,n
e,e,n
e,e,n
e,e,n
e,e,n
e,e,n
e,e,n
e,e,n
e,e,n
e,e,n
e,e,n
e,e,n
e,e,n
e,e,n
e,e,n
e,e,n
e,e,n
e,e,n
e,e,n
e,e,n
e,e,n
e,e,n
e,e,n
e,e,n
e,e,n
e,e,n
e,e,n
e,e,n
e,e,n
e,e,n
e,e,n
e,e,n
e,e,n
e,e,n
e,e,n
e,e,n
e,e,n
e,e,n
e,e,n
e,e,n
e,e,n
e,e,n
e,e,n
e,e,n
e,e,n
e,e,n
e,e,n
e,e,n
e,e,n
e,e,n
e,e,n
e,e,n
e,e,n
e,e,n
e,e,n
e,e,n
e,e,n
e,e,n
e,e,n
e,e,n
e,e,n
e,e,n
e,e,n
e,e,n
e,e,n
e,e,n
e,e,n
e,e,n
e,e,n
e,e,n
e,e,n
e,e,n
e,e,n
e,e,n
e,e,n
e,e,n
e,e,n
e,e,n
e,e,n
e,e,n
e,e,n
e,e,n
e,e,n
e,e,n
e,e,n
e,e,n
e,e,n
e,e,n
e,e,n
e,e,n
e,e,n
e,e,n
e,e,n
e,e,n
e,e,n
e,e,n
e,e,n
e,e,n
e,e,n
e,e,n
e,e,n
e,e,n
e,e,n
e,e,n
e,e,n
e,e,n
e,e,n
e,e,n
e,e,n
e,e,n
e,e,n
e,e,n
e,e,n
e,e,n
e,e,n
e,e,n
e,e,n
e,e,n
e,e,n
e,e,n
e,e,n
e,e,n
e,e,n
e,e,n
e,e,n
e,e,n
e,e,n
e,e,n
e,e,n
e,e,n
e,e,n
e,e,n
e,e,n
e,e,n
e,e,n
e,e,n
e,e,n
e,e,n
e,e,n
e,e,n
e,e,n
e,e,n
e,e,n
e,e,n
e,e,n
e,e,n
e,e,n
e,e,n
e,e,n
e,e,n
e,e,n
e,e,n
e,e,n
e,e,n
e,e,n
e,e,n
e,e,n
e,e,n
e,e,n
e,e,n
e,e,n
e,e,n
e,e,n
e,e,n
e,e,n
e,e,n
e,e,n
e,e,n
e,e,n
e,e,n
e,e,n
e,e,n
e,e,n
e,e,n
e,e,n
e,e,n
e,e,n
e,e,n
e,e,n
e,e,n
e,e,n
e,e,n
e,e,n
e,e,n
e,e,n
e,e,n
e,e,n
e,e,n
e,e,n
e,e,n
e,e,n
e,e,n
e,e,n
e,e,n
e,e,n
e,e,n
e,e,n
e,e,n
e,e,n
e,e,n
e,e,n
e,e,n
e,e,n
e,e,n
e,e,n
e,e,n
e,e,n
e,e,n
e,e,n
e,e,n
e,e,n
e,e,n
e,e,n
e,e,n
e,e,n
e,e,n
e,e,n
e,e,n
e,e,n
e,e,n
e,e,n
e,e,n
e,e,n
e,e,n
e,e,n
e,e,n
e,e,n
e,e,n
e,e,n
e,e,n
e,e,n
e,e,n
e,e,n
e,e,n
e,e,n
e,e,n
e,e,n
e,e,n
e,e,n
e,e,n
e,e,n
e,e,n
e,e,n
e,e,n
e,e,n
e,e,n
e,e,n
e,e,n
e,e,n
e,e,n
e,e,n
e,e,n
e,e,n
e,e,n
e,e,n
e,e,n
e,e,n
e,e,n
e,e,n
e,e,n
e,e,n
e,e,n
e,e,n
e,e,n
e,e,n
e,e,n
e,e,n
e,e,n
e,e,n
e,e,n
e,e,n
e,e,n
e,e,n
e,e,n
e,e,n
e,e,n
e,e,n
e,e,n
e,e,n
e,e,n
e,e,n
e,e,n
e,e,n
e,e,n
e,e,n
e,e,n
e,e,n
e,e,n
e,e,n
e,e,n
e,e,n
e,e,n
e,e,n
e,e,n
e,e,n
e,e,n
e,e,n
e,e,n
e,e,n
e,e,n
e,e,n
e,e,n
e,e,n
e,e,n
e,e,n
e,e,n
e,e,n
e,e,n
e,e,n
e,e,n
e,e,n
e,e,n
e,e,n
e,e,n
e,e,n
e,e,n
e,e,n
e,e,n
e,e,n
e,e,n
e,e,n
e,e,n
e,e,n
e,e,n
e,e,n
e,e,n
e,e,n
e,e,n
e,e,n
e,e,n
e,e,n
e,e,n
e,e,n
e,e,n
e,e,n
e,e,n
e,e,n
e,e,n
e,e,n
e,e,n
e,e,n
e,e,n
e,e,n
e,e,n
e,e,n
e,e,n
e,e,n
e,e,n
e,e,n
e,e,n
e,e,n
e,e,n
e,e,n
e,e,n
e,e,n
e,e,n
e,e,n
e,e,n
e,e,n
e,e,n
e,e,n
e,e,n
e,e,n
e,e,n
e,e,n
e,e,n
e,e,n
e,e,n
e,e,n
e,e,n
e,e,n
e,e,n
e,e,n
e,e,n
e,e,n
e,e,n
e,e,n
e,e,n
e,e,n
e,e,n
e,e,n
e,e,n
e,e,n
e,e,n
e,e,n
e,e,n
e,e,n
e,e,n
e,e,n
e,e,n
e,e,n
e,e,n
e,e,n
e,e,n
e,e,n
e,e,n
e,e,n
e,e,n
e,e,n
e,e,n
e,e,n
e,e,n
e,e,n
e,e,n
e,e,n
e,e,n
e,e,n
e,e,n
e,e,n
e,e,n
e,e,n
e,e,n
e,e,n
e,e,n
e,e,n
e,e,n
e,e,n
e,e,n
e,e,n
e,e,n
e,e,n
e,e,n
e,e,n
e,e,n
e,e,n
e,e,n
e,e,n
e,e,n
e,e,n
e,e,n
e,e,n
e,e,n
e,e,n
e,e,n
e,e,n
e,e,n
e,e,n
e,e,n
e,e,n
e,e,n
e,e,n
e,n,n
e,n,n
e,n,n
e,n,n
e,n,n
e,n,n
e,n,n
e,n,n
e,n,n
e,n,n
e,n,n
e,n,n
e,n,n
e,n,n
e,n,n
e,n,n
e,n,n
e,n,n
e,n,n
e,n,n
e,n,n
e,n,n
e,n,n
e,n,n
e,n,n
e,n,n
e,n,n
e,n,n
e,n,n
e,n,n
e,n,n
e,n,n
e,n,n
e,n,n
e,n,n
e,n,n
e,n,n
e,n,n
e,n,n
e,n,n
e,n,n
e,n,n
e,n,n
e,n,n
e,n,n
e,n,n
e,n,n
e,n,n
e,n,n
e,n,n
e,n,n
e,n,n
e,n,n
e,n,n
e,n,n
e,n,n
e,n,n
e,n,n
e,n,n
e,n,n
e,n,n
e,n,n
e,n,n
e,n,n
e,n,n
e,n,n
e,n,n
e,n,n
e,n,n
e,n,n
e,n,n
e,n,n
e,n,n
e,n,n
e,n,n
e,n,n
e,n,n
e,n,n
e,n,n
e,n,n
e,n,n
e,n,n
e,n,n
e,n,n
e,n,n
e,n,n
e,n,n
e,n,n
e,n,n
e,n,n
e,n,n
e,n,n
e,n,n
e,n,n
e,n,n
e,n,n
e,n,n
e,n,n
e,n,n
e,n,n
e,n,n
e,n,n
e,n,n
e,n,n
e,n,n
e,n,n
e,n,n
e,n,n
e,n,n
e,n,n
e,n,n
e,n,n
e,n,n
e,n,n
e,n,n
e,n,n
e,n,n
e,n,n
e,n,n
e,n,n
e,n,n
e,n,n
e,n,n
e,n,n
e,n,n
e,n,n
e,n,n
e,n,n
e,n,n
e,n,n
e,n,n
e,n,n
e,n,n
e,n,n
e,n,n
e,n,n
e,n,n
e,n,n
e,n,n
e,n,n
e,n,n
e,n,n
e,n,n
e,n,n
e,n,n
e,n,n
e,n,n
e,n,n
e,n,n
e,n,n
e,n,n
e,n,n
e,n,n
e,n,n
e,n,n
e,n,n
e,n,n
e,n,n
e,n,n
e,n,n
e,n,n
e,n,n
e,n,n
e,n,n
e,n,n
e,n,n
e,n,n
e,n,n
e,n,n
e,n,n
e,n,n
e,n,n
e,n,n
e,n,n
e,n,n
e,n,n
e,n,n
e,n,n
e,n,n
e,n,n
e,n,n
e,n,n
e,n,n
e,n,n
e,n,n
e,n,n
e,n,n
e,n,n
e,n,n
e,n,n
e,n,n
e,n,n
e,n,n
e,n,n
e,n,n
e,n,n
e,n,n
e,n,n
e,n,n
e,n,n
e,n,n
e,n,n
e,n,n
e,n,n
e,n,n
e,n,n
e,n,n
e,n,n
e,n,n
e,n,n
e,n,n
e,n,n
e,n,n
e,n,n
e,n,n
e,n,n
e,n,n
e,n,n
e,n,n
e,n,n
e,n,n
e,n,n
e,n,n
e,n,n
e,n,n
e,n,n
e,n,n
e,n,n
e,n,n
e,n,n
e,n,n
e,n,n
e,n,n
e,n,n
e,n,n
e,n,n
e,n,n
e,n,n
e,n,n
e,n,n
e,n,n
e,n,n
e,n,n
e,n,n
e,n,n
e,n,n
e,n,n
e,n,n
e,n,n
e,n,n
e,n,n
e,n,n
e,n,n
e,n,n
e,n,n
e,n,n
e,n,n
e,n,n
e,n,n
e,n,n
e,n,n
e,n,n
e,n,n
e,n,n
e,n,n
e,n,n
e,n,n
e,n,n
e,n,n
e,n,n
e,n,n
e,n,n
e,n,n
e,n,n
e,n,n
e,n,n
e,n,n
e,n,n
e,n,n
e,n,n
e,n,n
e,n,n
e,n,n
e,n,n
e,n,n
e,n,n
e,n,n
e,n,n
e,n,n
e,n,n
e,n,n
e,n,n
e,n,n
e,n,n
e,n,n
e,n,n
e,n,n
e,n,n
e,n,n
e,n,n
e,n,n
e,n,n
e,n,n
e,n,n
e,n,n
e,n,n
e,n,n
e,n,n
e,n,n
e,n,n
e,n,n
e,n,n
e,n,n
e,n,n
e,n,n
e,n,n
e,n,n
e,n,n
e,n,n
e,n,n
e,n,n
e,n,n
e,n,n
e,n,n
e,n,n
e,n,n
e,n,n
e,n,n
e,n,n
e,n,n
e,n,n
e,n,n
e,n,n
e,n,n
e,n,n
e,n,n
e,n,n
e,n,n
e,n,n
e,n,n
e,n,n
e,n,n
e,n,n
e,n,n
e,n,n
e,n,n
e,n,n
e,n,n
e,n,n
e,n,n
e,n,n
e,n,n
e,n,n
e,n,n
e,n,n
e,n,n
e,n,n
e,n,n
e,n,n
e,n,n
e,n,n
e,n,n
e,n,n
e,n,n
e,n,n
e,n,n
e,n,n
e,n,n
e,n,n
e,n,n
e,n,n
e,n,n
e,n,n
e,n,n
e,n,n
e,n,n
e,n,n
e,n,n
e,n,n
e,n,n
e,n,n
e,n,n
e,n,n
e,n,n
e,n,n
e,n,n
e,n,n
e,n,n
e,n,n
e,n,n
e,n,n
e,n,n
e,n,n
e,n,n
e,n,n
e,n,n
e,n,n
e,n,n
e,n,n
e,n,n
e,n,n
e,n,n
e,n,n
e,n,n
e,n,n
e,n,n
e,n,n
e,n,n
e,n,n
e,n,n
e,n,n
e,n,n
e,n,n
e,n,n
e,n,n
e,n,n
e,n,n
e,n,n
e,n,n
e,n,n
e,n,n
e,n,n
e,n,n
e,n,n
e,n,n
e,n,n
e,n,n
e,n,n
e,n,n
e,n,n
e,n,n
e,n,n
e,n,n
e,n,n
e,n,n
e,n,n
e,n,n
e,n,n
e,n,n
e,n,n
e,n,n
e,n,n
e,n,n
e,n,n
e,n,n
e,n,n
e,n,n
e,n,n
e,n,n
e,n,n
e,n,n
e,n,n
e,n,n
e,n,n
e,n,n
e,n,n
e,n,n
e,n,n
e,n,n
e,n,n
e,n,n
e,n,n
e,n,n
e,n,n
e,n,n
e,n,n
e,n,n
e,n,n
e,n,n
e,n,n
e,n,n
e,n,n
e,n,n
e,n,n
e,n,n
e,n,n
e,n,n
e,n,n
e,n,n
e,n,n
e,n,n
e,n,n
e,n,n
e,n,n
e,n,n
e,n,n
e,n,n
e,n,n
e,n,n
e,n,n
e,n,n
e,n,n
e,n,n
e,n,n
e,n,n
e,n,n
e,n,n
e,n,n
e,n,n
e,n,n
e,n,n
e,n,n
e,n,n
e,n,n
e,n,n
e,n,n
e,n,n
e,n,n
e,n,n
e,n,n
e,n,n
e,n,n
e,n,n
e,n,n
e,n,n
e,n,n
e,n,n
e,n,n
e,n,n
e,n,n
e,n,n
e,n,n
e,n,n
e,n,n
e,n,n
e,n,n
e,n,n
e,n,n
e,n,n
e,n,n
e,n,n
e,n,n
e,n,n
e,n,n
e,n,n
e,n,n
e,n,n
e,n,n
e,n,n
e,n,n
e,n,n
e,n,n
e,n,n
e,n,n
e,n,n
e,n,n
e,n,n
e,n,n
e,n,n
e,n,n
e,n,n
e,n,n
e,n,n
e,n,n
e,n,n
e,n,n
e,n,n
e,n,n
e,n,n
e,n,n
e,n,n
e,n,n
e,n,n
e,n,n
e,n,n
e,n,n
e,n,n
e,n,n
e,n,n
e,n,n
e,n,n
e,n,n
e,n,n
e,n,n
e,n,n
e,n,n
e,n,n
e,n,n
e,n,n
e,n,n
e,n,n
e,n,n
e,n,n
e,n,n
e,n,n
e,n,n
e,n,n
e,n,n
e,n,n
e,n,n
e,n,n
e,n,n
e,n,n
e,n,n
e,n,n
e,n,n
e,n,n
e,n,n
e,n,n
e,n,n
e,n,n
e,n,n
e,n,n
e,n,n
e,n,n
e,n,n
e,n,n
e,n,n
e,n,n
e,n,n
e,n,n
e,n,n
e,n,n
e,n,n
e,n,n
e,n,n
e,n,n
e,n,n
e,n,n
e,n,n
e,n,n
e,n,n
e,n,n
e,n,n
e,n,n
e,n,n
e,n,n
e,n,n
e,n,n
e,n,n
e,n,n
e,n,n
e,n,n
e,n,n
e,n,n
e,n,n
e,n,n
e,n,n
e,n,n
e,n,n
e,n,n
e,n,n
e,n,n
e,n,n
e,n,n
e,n,n
e,n,n
e,n,n
e,n,n
e,n,n
e,n,n
e,n,n
e,n,n
e,n,n
e,n,n
e,n,n
e,n,n
e,n,n
e,n,n
e,n,n
e,n,n
e,n,n
e,n,n
e,n,n
e,n,n
e,n,n
e,n,n
e,n,n
e,n,n
e,n,n
e,n,n
e,n,n
e,n,n
e,n,n
e,n,n
e,n,n
e,n,n
e,n,n
e,n,n
e,n,n
e,n,n
e,n,n
e,n,n
e,n,n
e,n,n
e,n,n
e,n,n
e,n,n
e,n,n
e,n,n
e,n,n
e,n,n
e,n,n
e,n,n
e,n,n
e,n,n
e,n,n
e,n,n
e,n,n
e,n,n
e,n,n
e,n,n
e,n,n
e,n,n
e,n,n
e,n,n
e,n,n
e,n,n
e,n,n
e,n,n
e,n,n
e,n,n
e,n,n
e,n,n
e,n,n
e,n,n
e,n,n
e,n,n
e,n,n
e,n,n
e,n,n
e,n,n
e,n,n
e,n,n
e,n,n
e,n,n
e,n,n
e,n,n
e,n,n
e,n,n
e,n,n
e,n,n
e,n,n
e,n,n
e,n,n
e,n,n
e,n,n
e,n,n
e,n,n
e,n,n
e,n,n
e,n,n
e,n,n
e,n,n
e,n,n
e,n,n
e,n,n
e,n,n
e,n,n
e,n,n
e,n,n
e,n,n
e,n,n
e,n,n
e,n,n
e,n,n
e,n,n
e,n,n
e,n,n
e,n,n
e,n,n
e,n,n
e,n,n
e,n,n
e,n,n
e,n,n
e,n,n
e,n,n
e,n,n
e,n,n
e,n,n
e,n,n
e,n,n
e,n,n
e,n,n
e,n,n
e,n,n
e,n,n
e,n,n
e,n,n
e,n,n
e,n,n
e,n,n
e,n,n
e,n,n
e,n,n
e,n,n
e,n,n
e,n,n
e,n,n
e,n,n
e,n,n
e,n,n
e,n,n
e,n,n
e,n,n
e,n,n
e,n,n
e,n,n
e,n,n
e,n,n
e,n,n
e,n,n
e,n,n
e,n,n
e,n,n
e,n,n
e,n,n
e,n,n
e,n,n
e,n,n
e,n,n
e,n,n
e,n,n
e,n,n
e,n,n
e,n,n
e,n,n
e,n,n
e,n,n
e,n,n
e,n,n
e,n,n
e,n,n
e,n,n
e,n,n
e,n,n
e,n,n
e,n,n
e,n,n
e,n,n
e,n,n
e,n,n
e,n,n
e,n,n
e,n,n
e,n,n
e,n,n
e,n,n
e,n,n
e,n,n
e,n,n
e,n,n
e,n,n
e,n,n
e,n,n
e,n,n
e,n,n
e,n,n
e,n,n
e,n,n
e,n,n
e,n,n
e,n,n
e,n,n
e,n,n
e,n,n
e,n,n
e,n,n
e,n,n
e,n,n
e,n,n
e,n,n
e,n,n
e,n,n
e,n,n
e,n,n
e,n,n
e,n,n
e,n,n
e,n,n
e,n,n
e,n,n
e,n,n
e,n,n
e,n,n
e,n,n
e,n,n
e,n,n
e,n,n
e,n,n
e,n,n
e,n,n
e,n,n
e,n,n
e,n,n
e,n,n
e,n,n
e,n,n
e,n,n
e,n,n
e,n,n
e,n,n
e,n,n
e,n,n
e,n,n
e,n,n
e,n,n
e,n,n
e,n,n
e,n,n
e,n,n
e,n,n
e,n,n
e,n,n
e,n,n
e,n,n
e,n,n
e,n,n
e,n,n
e,n,n
e,n,n
e,n,n
e,n,n
e,n,n
e,n,n
e,n,n
e,n,n
e,n,n
e,n,n
e,n,n
e,n,n
e,n,n
e,n,n
e,n,n
e,n,n
e,n,n
e,n,n
e,n,n
e,n,n
e,n,n
e,n,n
e,n,n
e,n,n
e,n,n
e,n,n
e,n,n
e,n,n
e,n,n
e,n,n
e,n,n
e,n,n
e,n,n
e,n,n
e,n,n
e,n,n
e,n,n
e,n,n
e,n,n
e,n,n
e,n,n
e,n,n
e,n,n
e,n,n
e,n,n
e,n,n
e,n,n
e,n,n
e,n,n
e,n,n
e,n,n
e,n,n
e,n,n
e,n,n
e,n,n
e,n,n
e,n,n
e,n,n
e,n,n
e,n,n
e,n,n
e,n,n
e,n,n
e,n,n
e,n,n
e,n,n
e,n,n
e,n,n
e,n,n
e,n,n
e,n,n
e,n,n
e,n,n
e,n,n
e,n,n
e,n,n
e,n,n
e,n,n
e,n,n
e,n,n
e,n,n
e,n,n
e,n,n
e,n,n
e,n,n
e,n,n
e,n,n
e,n,n
e,n,n
e,n,n
e,n,n
e,n,n
e,n,n
e,n,n
e,n,n
e,n,n
e,n,n
e,n,n
e,n,n
e,n,n
e,n,n
e,n,n
e,n,n
e,n,n
e,n,n
e,n,n
e,n,n
e,n,n
e,n,n
e,n,n
e,n,n
e,n,n
e,n,n
e,n,n
e,n,n
e,n,n
e,n,n
e,n,n
e,n,n
e,n,n
e,n,n
e,n,n
e,n,n
e,n,n
e,n,n
e,n,n
e,n,n
e,n,n
e,n,n
e,n,n
e,n,n
e,n,n
e,n,n
e,n,n
e,n,n
e,n,n
e,n,n
e,n,n
e,n,n
e,n,n
e,n,n
e,n,n
e,n,n
e,n,n
e,n,n
e,n,n
e,n,n
e,n,n
e,n,n
e,n,n
e,n,n
e,n,n
e,n,n
e,n,n
e,n,n
e,n,n
e,n,n
e,n,n
e,n,n
e,n,n
e,n,n
e,n,n
e,n,n
e,n,n
e,n,n
e,n,n
e,n,n
e,n,n
e,n,n
e,n,n
e,n,n
e,n,n
e,n,n
e,n,n
e,n,n
e,n,n
e,n,n
e,n,n
e,n,n
e,n,n
e,n,n
e,n,n
e,n,n
e,n,n
e,n,n
e,n,n
e,n,n
e,n,n
e,n,n
e,n,n
e,n,n
e,n,n
e,n,n
e,n,n
e,n,n
e,n,n
e,n,n
e,n,n
e,n,n
e,n,n
e,n,n
e,n,n
e,n,n
e,n,n
e,n,n
e,n,n
e,n,n
e,n,n
e,n,n
e,n,n
e,n,n
e,n,n
e,n,n
e,n,n
e,n,n
e,n,n
e,n,n
e,n,n
e,n,n
e,n,n
e,n,n
e,n,n
e,n,n
e,n,n
e,n,n
e,n,n
e,n,n
e,n,n
e,n,n
e,n,n
e,n,n
e,n,n
e,n,n
e,n,n
e,n,n
e,n,n
e,n,n
e,n,n
e,n,n
e,n,n
e,n,n
e,n,n
e,n,n
e,n,n
e,n,n
e,n,n
e,n,n
e,n,n
e,n,n
e,n,n
e,n,n
e,n,n
e,n,n
e,n,n
e,n,n
e,n,n
e,n,n
e,n,n
e,r,n
e,r,n
e,r,n
e,r,n
e,r,n
e,r,n
e,r,n
e,r,n
e,r,n
e,r,n
e,r,n
e,r,n
e,r,n
e,r,n
e,r,n
e,r,n
e,u,n
e,u,n
e,u,n
e,u,n
e,u,n
e,u,n
e,u,n
e,u,n
e,u,n
e,u,n
e,u,n
e,u,n
e,u,n
e,u,n
e,u,n
e,u,n
p,b,f
p,b,f
p,b,f
p,b,f
p,b,f
p,b,f
p,b,f
p,b,f
p,b,f
p,b,f
p,b,f
p,b,f
p,b,f
p,b,f
p,b,f
p,b,f
p,b,f
p,b,f
p,b,f
p,b,f
p,b,f
p,b,f
p,b,f
p,b,f
p,b,f
p,b,f
p,b,f
p,b,f
p,b,f
p,b,f
p,b,f
p,b,f
p,b,f
p,b,f
p,b,f
p,b,f
p,b,f
p,b,f
p,b,f
p,b,f
p,b,f
p,b,f
p,b,f
p,b,f
p,b,f
p,b,f
p,b,f
p,b,f
p,b,f
p,b,f
p,b,f
p,b,f
p,b,f
p,b,f
p,b,f
p,b,f
p,b,f
p,b,f
p,b,f
p,b,f
p,b,f
p,b,f
p,b,f
p,b,f
p,b,f
p,b,f
p,b,f
p,b,f
p,b,f
p,b,f
p,b,f
p,b,f
p,b,f
p,b,f
p,b,f
p,b,f
p,b,f
p,b,f
p,b,f
p,b,f
p,b,f
p,b,f
p,b,f
p,b,f
p,b,f
p,b,f
p,b,f
p,b,f
p,b,f
p,b,f
p,b,f
p,b,f
p,b,f
p,b,f
p,b,f
p,b,f
p,b,n
p,b,n
p,b,n
p,b,n
p,b,n
p,b,n
p,b,n
p,b,n
p,b,n
p,b,n
p,b,n
p,b,n
p,b,n
p,b,n
p,b,n
p,b,n
p,b,n
p,b,n
p,b,n
p,b,n
p,b,n
p,b,n
p,b,n
p,b,n
p,c,m
p,c,m
p,c,m
p,c,m
p,c,m
p,c,m
p,c,m
p,c,m
p,c,m
p,c,m
p,c,m
p,c,m
p,e,f
p,e,f
p,e,f
p,e,f
p,e,f
p,e,f
p,e,f
p,e,f
p,e,f
p,e,f
p,e,f
p,e,f
p,e,f
p,e,f
p,e,f
p,e,f
p,e,f
p,e,f
p,e,f
p,e,f
p,e,f
p,e,f
p,e,f
p,e,f
p,e,f
p,e,f
p,e,f
p,e,f
p,e,f
p,e,f
p,e,f
p,e,f
p,e,f
p,e,f
p,e,f
p,e,f
p,e,f
p,e,f
p,e,f
p,e,f
p,e,f
p,e,f
p,e,f
p,e,f
p,e,f
p,e,f
p,e,f
p,e,f
p,e,f
p,e,f
p,e,f
p,e,f
p,e,f
p,e,f
p,e,f
p,e,f
p,e,f
p,e,f
p,e,f
p,e,f
p,e,f
p,e,f
p,e,f
p,e,f
p,e,f
p,e,f
p,e,f
p,e,f
p,e,f
p,e,f
p,e,f
p,e,f
p,e,f
p,e,f
p,e,f
p,e,f
p,e,f
p,e,f
p,e,f
p,e,f
p,e,f
p,e,f
p,e,f
p,e,f
p,e,f
p,e,f
p,e,f
p,e,f
p,e,f
p,e,f
p,e,f
p,e,f
p,e,f
p,e,f
p,e,f
p,e,f
p,e,f
p,e,f
p,e,f
p,e,f
p,e,f
p,e,f
p,e,f
p,e,f
p,e,f
p,e,f
p,e,f
p,e,f
p,e,f
p,e,f
p,e,f
p,e,f
p,e,f
p,e,f
p,e,f
p,e,f
p,e,f
p,e,f
p,e,f
p,e,f
p,e,f
p,e,f
p,e,f
p,e,f
p,e,f
p,e,f
p,e,f
p,e,f
p,e,f
p,e,f
p,e,f
p,e,f
p,e,f
p,e,f
p,e,f
p,e,f
p,e,f
p,e,f
p,e,f
p,e,f
p,e,f
p,e,f
p,e,f
p,e,f
p,e,f
p,e,f
p,e,f
p,e,f
p,e,f
p,e,f
p,e,f
p,e,f
p,e,f
p,e,f
p,e,f
p,e,f
p,e,f
p,e,f
p,e,f
p,e,f
p,e,f
p,e,f
p,e,f
p,e,f
p,e,f
p,e,f
p,e,f
p,e,f
p,e,f
p,e,f
p,e,f
p,e,f
p,e,f
p,e,f
p,e,f
p,e,f
p,e,f
p,e,f
p,e,f
p,e,f
p,e,f
p,e,f
p,e,f
p,e,f
p,e,f
p,e,f
p,e,f
p,e,f
p,e,f
p,e,f
p,e,f
p,e,f
p,e,f
p,e,f
p,e,f
p,e,f
p,e,f
p,e,f
p,e,f
p,e,f
p,e,f
p,e,f
p,e,f
p,e,f
p,e,f
p,e,f
p,e,f
p,e,f
p,e,f
p,e,f
p,e,f
p,e,f
p,e,f
p,e,f
p,e,f
p,e,f
p,e,f
p,e,f
p,e,f
p,e,f
p,e,f
p,e,f
p,e,f
p,e,f
p,e,f
p,e,f
p,e,f
p,e,f
p,e,f
p,e,f
p,e,f
p,e,f
p,e,f
p,e,f
p,e,f
p,e,f
p,e,f
p,e,f
p,e,f
p,e,f
p,e,f
p,e,f
p,e,f
p,e,f
p,e,f
p,e,f
p,e,f
p,e,f
p,e,f
p,e,f
p,e,f
p,e,f
p,e,f
p,e,f
p,e,f
p,e,f
p,e,f
p,e,f
p,e,f
p,e,f
p,e,f
p,e,f
p,e,f
p,e,f
p,e,f
p,e,f
p,e,f
p,e,f
p,e,f
p,e,f
p,e,f
p,e,f
p,e,f
p,e,f
p,e,f
p,e,f
p,e,f
p,e,f
p,e,f
p,e,f
p,e,f
p,e,f
p,e,f
p,e,f
p,e,f
p,e,f
p,e,f
p,e,f
p,e,m
p,e,m
p,e,m
p,e,m
p,e,m
p,e,m
p,e,m
p,e,m
p,e,m
p,e,m
p,e,m
p,e,m
p,e,y
p,e,y
p,e,y
p,e,y
p,e,y
p,e,y
p,e,y
p,e,y
p,e,y
p,e,y
p,e,y
p,e,y
p,e,y
p,e,y
p,e,y
p,e,y
p,e,y
p,e,y
p,e,y
p,e,y
p,e,y
p,e,y
p,e,y
p,e,y
p,e,y
p,e,y
p,e,y
p,e,y
p,e,y
p,e,y
p,e,y
p,e,y
p,e,y
p,e,y
p,e,y
p,e,y
p,e,y
p,e,y
p,e,y
p,e,y
p,e,y
p,e,y
p,e,y
p,e,y
p,e,y
p,e,y
p,e,y
p,e,y
p,e,y
p,e,y
p,e,y
p,e,y
p,e,y
p,e,y
p,e,y
p,e,y
p,e,y
p,e,y
p,e,y
p,e,y
p,e,y
p,e,y
p,e,y
p,e,y
p,e,y
p,e,y
p,e,y
p,e,y
p,e,y
p,e,y
p,e,y
p,e,y
p,e,y
p,e,y
p,e,y
p,e,y
p,e,y
p,e,y
p,e,y
p,e,y
p,e,y
p,e,y
p,e,y
p,e,y
p,e,y
p,e,y
p,e,y
p,e,y
p,e,y
p,e,y
p,e,y
p,e,y
p,e,y
p,e,y
p,e,y
p,e,y
p,e,y
p,e,y
p,e,y
p,e,y
p,e,y
p,e,y
p,e,y
p,e,y
p,e,y
p,e,y
p,e,y
p,e,y
p,e,y
p,e,y
p,e,y
p,e,y
p,e,y
p,e,y
p,e,y
p,e,y
p,e,y
p,e,y
p,e,y
p,e,y
p,e,y
p,e,y
p,e,y
p,e,y
p,e,y
p,e,y
p,e,y
p,e,y
p,e,y
p,e,y
p,e,y
p,e,y
p,e,y
p,e,y
p,e,y
p,e,y
p,e,y
p,e,y
p,e,y
p,e,y
p,e,y
p,e,y
p,e,y
p,e,y
p,e,y
p,e,y
p,e,y
p,e,y
p,e,y
p,e,y
p,e,y
p,e,y
p,e,y
p,e,y
p,e,y
p,e,y
p,e,y
p,e,y
p,e,y
p,e,y
p,e,y
p,e,y
p,e,y
p,e,y
p,e,y
p,e,y
p,e,y
p,e,y
p,e,y
p,e,y
p,e,y
p,e,y
p,e,y
p,e,y
p,e,y
p,e,y
p,e,y
p,e,y
p,e,y
p,e,y
p,e,y
p,e,y
p,e,y
p,e,y
p,e,y
p,e,y
p,e,y
p,e,y
p,e,y
p,e,y
p,e,y
p,e,y
p,e,y
p,e,y
p,e,y
p,e,y
p,e,y
p,e,y
p,e,y
p,e,y
p,e,y
p,e,y
p,e,y
p,e,y
p,e,y
p,e,y
p,e,y
p,e,y
p,e,y
p,e,y
p,e,y
p,e,y
p,e,y
p,e,y
p,e,y
p,e,y
p,e,y
p,e,y
p,e,y
p,e,y
p,e,y
p,e,y
p,e,y
p,e,y
p,e,y
p,e,y
p,e,y
p,e,y
p,e,y
p,e,y
p,e,y
p,e,y
p,e,y
p,e,y
p,e,y
p,e,y
p,e,y
p,e,y
p,e,y
p,e,y
p,e,y
p,e,y
p,e,y
p,e,y
p,e,y
p,e,y
p,e,y
p,e,y
p,e,y
p,e,y
p,e,y
p,e,y
p,e,y
p,e,y
p,e,y
p,e,y
p,e,y
p,e,y
p,e,y
p,e,y
p,e,y
p,e,y
p,e,y
p,e,y
p,e,y
p,e,y
p,e,y
p,e,y
p,e,y
p,e,y
p,e,y
p,e,y
p,e,y
p,e,y
p,e,y
p,e,y
p,e,y
p,e,y
p,e,y
p,e,y
p,e,y
p,e,y
p,e,y
p,e,y
p,e,y
p,e,y
p,e,y
p,e,y
p,n,f
p,n,f
p,n,f
p,n,f
p,n,f
p,n,f
p,n,f
p,n,f
p,n,f
p,n,f
p,n,f
p,n,f
p,n,f
p,n,f
p,n,f
p,n,f
p,n,f
p,n,f
p,n,f
p,n,f
p,n,f
p,n,f
p,n,f
p,n,f
p,n,f
p,n,f
p,n,f
p,n,f
p,n,f
p,n,f
p,n,f
p,n,f
p,n,f
p,n,f
p,n,f
p,n,f
p,n,f
p,n,f
p,n,f
p,n,f
p,n,f
p,n,f
p,n,f
p,n,f
p,n,f
p,n,f
p,n,f
p,n,f
p,n,f
p,n,f
p,n,f
p,n,f
p,n,f
p,n,f
p,n,f
p,n,f
p,n,f
p,n,f
p,n,f
p,n,f
p,n,f
p,n,f
p,n,f
p,n,f
p,n,f
p,n,f
p,n,f
p,n,f
p,n,f
p,n,f
p,n,f
p,n,f
p,n,f
p,n,f
p,n,f
p,n,f
p,n,f
p,n,f
p,n,f
p,n,f
p,n,f
p,n,f
p,n,f
p,n,f
p,n,f
p,n,f
p,n,f
p,n,f
p,n,f
p,n,f
p,n,f
p,n,f
p,n,f
p,n,f
p,n,f
p,n,f
p,n,f
p,n,f
p,n,f
p,n,f
p,n,f
p,n,f
p,n,f
p,n,f
p,n,f
p,n,f
p,n,f
p,n,f
p,n,f
p,n,f
p,n,f
p,n,f
p,n,f
p,n,f
p,n,f
p,n,f
p,n,f
p,n,f
p,n,f
p,n,f
p,n,f
p,n,f
p,n,f
p,n,f
p,n,f
p,n,f
p,n,f
p,n,f
p,n,f
p,n,f
p,n,f
p,n,f
p,n,f
p,n,f
p,n,f
p,n,f
p,n,f
p,n,f
p,n,f
p,n,f
p,n,f
p,n,f
p,n,f
p,n,f
p,n,f
p,n,f
p,n,f
p,n,f
p,n,f
p,n,f
p,n,f
p,n,f
p,n,f
p,n,f
p,n,f
p,n,f
p,n,f
p,n,f
p,n,f
p,n,f
p,n,f
p,n,f
p,n,f
p,n,f
p,n,f
p,n,f
p,n,f
p,n,f
p,n,f
p,n,f
p,n,f
p,n,f
p,n,f
p,n,f
p,n,f
p,n,f
p,n,f
p,n,f
p,n,f
p,n,f
p,n,f
p,n,f
p,n,f
p,n,f
p,n,f
p,n,f
p,n,f
p,n,f
p,n,f
p,n,f
p,n,f
p,n,f
p,n,f
p,n,f
p,n,f
p,n,f
p,n,f
p,n,f
p,n,f
p,n,f
p,n,f
p,n,f
p,n,f
p,n,f
p,n,f
p,n,f
p,n,f
p,n,f
p,n,f
p,n,f
p,n,f
p,n,f
p,n,f
p,n,f
p,n,f
p,n,f
p,n,f
p,n,f
p,n,f
p,n,f
p,n,f
p,n,f
p,n,f
p,n,f
p,n,f
p,n,f
p,n,f
p,n,f
p,n,f
p,n,f
p,n,f
p,n,f
p,n,f
p,n,f
p,n,f
p,n,f
p,n,f
p,n,f
p,n,f
p,n,f
p,n,f
p,n,f
p,n,f
p,n,f
p,n,f
p,n,f
p,n,f
p,n,f
p,n,f
p,n,f
p,n,f
p,n,f
p,n,f
p,n,f
p,n,f
p,n,f
p,n,f
p,n,f
p,n,f
p,n,f
p,n,f
p,n,f
p,n,f
p,n,f
p,n,f
p,n,f
p,n,f
p,n,f
p,n,f
p,n,f
p,n,f
p,n,f
p,n,f
p,n,f
p,n,f
p,n,f
p,n,f
p,n,f
p,n,f
p,n,f
p,n,f
p,n,f
p,n,f
p,n,f
p,n,f
p,n,f
p,n,f
p,n,f
p,n,m
p,n,m
p,n,m
p,n,m
p,n,m
p,n,m
p,n,m
p,n,m
p,n,m
p,n,m
p,n,m
p,n,m
p,n,n
p,n,n
p,n,n
p,n,n
p,n,n
p,n,n
p,n,n
p,n,n
p,n,n
p,n,n
p,n,n
p,n,n
p,n,n
p,n,n
p,n,n
p,n,n
p,n,p
p,n,p
p,n,p
p,n,p
p,n,p
p,n,p
p,n,p
p,n,p
p,n,p
p,n,p
p,n,p
p,n,p
p,n,p
p,n,p
p,n,p
p,n,p
p,n,p
p,n,p
p,n,p
p,n,p
p,n,p
p,n,p
p,n,p
p,n,p
p,n,p
p,n,p
p,n,p
p,n,p
p,n,p
p,n,p
p,n,p
p,n,p
p,n,p
p,n,p
p,n,p
p,n,p
p,n,p
p,n,p
p,n,p
p,n,p
p,n,p
p,n,p
p,n,p
p,n,p
p,n,p
p,n,p
p,n,p
p,n,p
p,n,p
p,n,p
p,n,p
p,n,p
p,n,p
p,n,p
p,n,p
p,n,p
p,n,p
p,n,p
p,n,p
p,n,p
p,n,p
p,n,p
p,n,p
p,n,p
p,n,p
p,n,p
p,n,p
p,n,p
p,n,p
p,n,p
p,n,p
p,n,p
p,n,p
p,n,p
p,n,p
p,n,p
p,n,p
p,n,p
p,n,p
p,n,p
p,n,p
p,n,p
p,n,p
p,n,p
p,n,p
p,n,p
p,n,p
p,n,p
p,n,p
p,n,p
p,n,p
p,n,p
p,n,p
p,n,p
p,n,p
p,n,p
p,n,p
p,n,p
p,n,p
p,n,p
p,n,p
p,n,p
p,n,p
p,n,p
p,n,p
p,n,p
p,n,p
p,n,p
p,n,p
p,n,p
p,n,p
p,n,p
p,n,p
p,n,p
p,n,p
p,n,p
p,n,p
p,n,p
p,n,p
p,n,p
p,n,p
p,n,p
p,n,p
p,n,p
p,n,p
p,n,p
p,n,p
p,n,p
p,n,y
p,n,y
p,n,y
p,n,y
p,n,y
p,n,y
p,n,y
p,n,y
p,n,y
p,n,y
p,n,y
p,n,y
p,n,y
p,n,y
p,n,y
p,n,y
p,n,y
p,n,y
p,n,y
p,n,y
p,n,y
p,n,y
p,n,y
p,n,y
p,n,y
p,n,y
p,n,y
p,n,y
p,n,y
p,n,y
p,n,y
p,n,y
p,n,y
p,n,y
p,n,y
p,n,y
p,n,y
p,n,y
p,n,y
p,n,y
p,n,y
p,n,y
p,n,y
p,n,y
p,n,y
p,n,y
p,n,y
p,n,y
p,n,y
p,n,y
p,n,y
p,n,y
p,n,y
p,n,y
p,n,y
p,n,y
p,n,y
p,n,y
p,n,y
p,n,y
p,n,y
p,n,y
p,n,y
p,n,y
p,n,y
p,n,y
p,n,y
p,n,y
p,n,y
p,n,y
p,n,y
p,n,y
p,n,y
p,n,y
p,n,y
p,n,y
p,n,y
p,n,y
p,n,y
p,n,y
p,n,y
p,n,y
p,n,y
p,n,y
p,n,y
p,n,y
p,n,y
p,n,y
p,n,y
p,n,y
p,n,y
p,n,y
p,n,y
p,n,y
p,n,y
p,n,y
p,n,y
p,n,y
p,n,y
p,n,y
p,n,y
p,n,y
p,n,y
p,n,y
p,n,y
p,n,y
p,n,y
p,n,y
p,n,y
p,n,y
p,n,y
p,n,y
p,n,y
p,n,y
p,n,y
p,n,y
p,n,y
p,n,y
p,n,y
p,n,y
p,n,y
p,n,y
p,n,y
p,n,y
p,n,y
p,n,y
p,n,y
p,n,y
p,n,y
p,n,y
p,n,y
p,n,y
p,n,y
p,n,y
p,n,y
p,n,y
p,n,y
p,n,y
p,n,y
p,n,y
p,n,y
p,n,y
p,n,y
p,n,y
p,n,y
p,n,y
p,n,y
p,n,y
p,n,y
p,n,y
p,n,y
p,n,y
p,n,y
p,n,y
p,n,y
p,n,y
p,n,y
p,n,y
p,n,y
p,n,y
p,n,y
p,n,y
p,n,y
p,n,y
p,n,y
p,n,y
p,n,y
p,n,y
p,n,y
p,n,y
p,n,y
p,n,y
p,n,y
p,n,y
p,n,y
p,n,y
p,n,y
p,n,y
p,n,y
p,n,y
p,n,y
p,n,y
p,n,y
p,n,y
p,n,y
p,n,y
p,n,y
p,n,y
p,n,y
p,n,y
p,n,y
p,n,y
p,n,y
p,n,y
p,n,y
p,n,y
p,n,y
p,n,y
p,n,y
p,n,y
p,n,y
p,n,y
p,n,y
p,n,y
p,n,y
p,n,y
p,n,y
p,n,y
p,n,y
p,n,y
p,n,y
p,n,y
p,n,y
p,n,y
p,n,y
p,n,y
p,n,y
p,n,y
p,n,y
p,n,y
p,n,y
p,n,y
p,n,y
p,n,y
p,n,y
p,n,y
p,n,y
p,n,y
p,n,y
p,n,y
p,n,y
p,n,y
p,n,y
p,n,y
p,n,y
p,n,y
p,n,y
p,n,y
p,n,y
p,n,y
p,n,y
p,n,y
p,n,y
p,n,y
p,n,y
p,n,y
p,n,y
p,n,y
p,n,y
p,n,y
p,n,y
p,n,y
p,n,y
p,n,y
p,n,y
p,n,y
p,n,y
p,n,y
p,n,y
p,n,y
p,n,y
p,n,y
p,n,y
p,n,y
p,n,y
p,n,y
p,n,y
p,n,y
p,n,y
p,n,y
p,n,y
p,n,y
p,n,y
p,n,y
p,n,y
p,n,y
p,n,y
p,n,y
p,n,y
p,n,y
p,n,y
p,n,y
p,n,y
p,n,y
p,n,y
p,n,y
p,n,y
p,n,y
p,y,f
p,y,f
p,y,f
p,y,f
p,y,f
p,y,f
p,y,f
p,y,f
p,y,f
p,y,f
p,y,f
p,y,f
p,y,f
p,y,f
p,y,f
p,y,f
p,y,f
p,y,f
p,y,f
p,y,f
p,y,f
p,y,f
p,y,f
p,y,f
p,y,f
p,y,f
p,y,f
p,y,f
p,y,f
p,y,f
p,y,f
p,y,f
p,y,f
p,y,f
p,y,f
p,y,f
p,y,f
p,y,f
p,y,f
p,y,f
p,y,f
p,y,f
p,y,f
p,y,f
p,y,f
p,y,f
p,y,f
p,y,f
p,y,f
p,y,f
p,y,f
p,y,f
p,y,f
p,y,f
p,y,f
p,y,f
p,y,f
p,y,f
p,y,f
p,y,f
p,y,f
p,y,f
p,y,f
p,y,f
p,y,f
p,y,f
p,y,f
p,y,f
p,y,f
p,y,f
p,y,f
p,y,f
p,y,f
p,y,f
p,y,f
p,y,f
p,y,f
p,y,f
p,y,f
p,y,f
p,y,f
p,y,f
p,y,f
p,y,f
p,y,f
p,y,f
p,y,f
p,y,f
p,y,f
p,y,f
p,y,f
p,y,f
p,y,f
p,y,f
p,y,f
p,y,f
p,y,f
p,y,f
p,y,f
p,y,f
p,y,f
p,y,f
p,y,f
p,y,f
p,y,f
p,y,f
p,y,f
p,y,f
p,y,f
p,y,f
p,y,f
p,y,f
p,y,f
p,y,f
p,y,f
p,y,f
p,y,f
p,y,f
p,y,f
p,y,f
p,y,f
p,y,f
p,y,f
p,y,f
p,y,f
p,y,f
p,y,f
p,y,f
p,y,f
p,y,f
p,y,f
p,y,f
p,y,f
p,y,f
p,y,f
p,y,f
p,y,f
p,y,f
p,y,f
p,y,f
p,y,f
p,y,f
p,y,f
p,y,f
p,y,f
p,y,f
p,y,f
p,y,f
p,y,f
p,y,f
p,y,f
p,y,f
p,y,f
p,y,f
p,y,f
p,y,f
p,y,f
p,y,f
p,y,f
p,y,f
p,y,f
p,y,f
p,y,f
p,y,f
p,y,f
p,y,f
p,y,f
p,y,f
p,y,f
p,y,f
p,y,f
p,y,f
p,y,f
p,y,f
p,y,f
p,y,f
p,y,f
p,y,f
p,y,f
p,y,f
p,y,f
p,y,f
p,y,f
p,y,f
p,y,f
p,y,f
p,y,f
p,y,f
p,y,f
p,y,f
p,y,f
p,y,f
p,y,f
p,y,f
p,y,f
p,y,f
p,y,f
p,y,f
p,y,f
p,y,f
p,y,f
p,y,f
p,y,f
p,y,f
p,y,f
p,y,f
p,y,f
p,y,f
p,y,f
p,y,f
p,y,f
p,y,f
p,y,f
p,y,f
p,y,f
p,y,f
p,y,f
p,y,f
p,y,f
p,y,f
p,y,f
p,y,f
p,y,f
p,y,f
p,y,f
p,y,f
p,y,f
p,y,f
p,y,f
p,y,f
p,y,f
p,y,f
p,y,f
p,y,f
p,y,f
p,y,f
p,y,f
p,y,f
p,y,f
p,y,f
p,y,f
p,y,f
p,y,f
p,y,f
p,y,f
p,y,f
p,y,f
p,y,f
p,y,f
p,y,f
p,y,f
p,y,f
p,y,f
p,y,f
p,y,f
p,y,f
p,y,f
p,y,f
p,y,f
p,y,f
p,y,f
p,y,f
p,y,f
p,y,f
p,y,f
p,y,f
p,y,f
p,y,f
p,y,f
p,y,f
p,y,f
p,y,f
p,y,f
p,y,f
p,y,f
p,y,f
p,y,f
p,y,f
p,y,f
p,y,f
p,y,f
p,y,f
p,y,f
p,y,f
p,y,f
p,y,f
p,y,f
p,y,f
p,y,f
p,y,f
p,y,f
p,y,f
p,y,f
p,y,f
p,y,f
p,y,f
p,y,f
p,y,f
p,y,f
p,y,f
p,y,f
p,y,f
p,y,f
p,y,f
p,y,f
p,y,f
p,y,f
p,y,f
p,y,f
p,y,f
p,y,f
p,y,f
p,y,f
p,y,f
p,y,f
p,y,f
p,y,f
p,y,f
p,y,f
p,y,f
p,y,f
p,y,f
p,y,f
p,y,f
p,y,f
p,y,f
p,y,f
p,y,f
p,y,f
p,y,f
p,y,f
p,y,f
p,y,f
p,y,f
p,y,f
p,y,f
p,y,f
p,y,f
p,y,f
p,y,f
p,y,f
p,y,f
p,y,f
p,y,f
p,y,f
p,y,f
p,y,f
p,y,f
p,y,f
p,y,f
p,y,f
p,y,f
p,y,f
p,y,f
p,y,f
p,y,f
p,y,f
p,y,f
p,y,f
p,y,f
p,y,f
p,y,f
p,y,f
p,y,f
p,y,f
p,y,f
p,y,f
p,y,f
p,y,f
p,y,f
p,y,f
p,y,f
p,y,f
p,y,f
p,y,f
p,y,f
p,y,f
p,y,f
p,y,f
p,y,f
p,y,f
p,y,f
p,y,f
p,y,f
p,y,f
p,y,f
p,y,f
p,y,f
p,y,f
p,y,f
p,y,f
p,y,f
p,y,f
p,y,f
p,y,f
p,y,f
p,y,f
p,y,f
p,y,f
p,y,f
p,y,f
p,y,f
p,y,f
p,y,f
p,y,f
p,y,f
p,y,f
p,y,f
p,y,f
p,y,f
p,y,f
p,y,f
p,y,f
p,y,f
p,y,f
p,y,f
p,y,f
p,y,f
p,y,f
p,y,f
p,y,f
p,y,f
p,y,f
p,y,f
p,y,f
p,y,f
p,y,f
p,y,f
p,y,f
p,y,f
p,y,f
p,y,f
p,y,f
p,y,f
p,y,f
p,y,f
p,y,f
p,y,f
p,y,f
p,y,f
p,y,f
p,y,f
p,y,f
p,y,f
p,y,f
p,y,f
p,y,f
p,y,f
p,y,f
p,y,f
p,y,f
p,y,f
p,y,f
p,y,f
p,y,f
p,y,f
p,y,f
p,y,f
p,y,f
p,y,f
p,y,f
p,y,f
p,y,f
p,y,f
p,y,f
p,y,f
p,y,f
p,y,f
p,y,f
p,y,f
p,y,f
p,y,f
p,y,f
p,y,f
p,y,f
p,y,f
p,y,f
p,y,f
p,y,f
p,y,f
p,y,f
p,y,f
p,y,f
p,y,f
p,y,f
p,y,f
p,y,f
p,y,f
p,y,f
p,y,f
p,y,f
p,y,f
p,y,f
p,y,f
p,y,f
p,y,f
p,y,f
p,y,f
p,y,f
p,y,f
p,y,f
p,y,f
p,y,f
p,y,f
p,y,f
p,y,f
p,y,f
p,y,f
p,y,f
p,y,f
p,y,f
p,y,f
p,y,f
p,y,f
p,y,f
p,y,f
p,y,f
p,y,f
p,y,f
p,y,f
p,y,f
p,y,f
p,y,f
p,y,f
p,y,f
p,y,f
p,y,f
p,y,f
p,y,f
p,y,f
p,y,f
p,y,f
p,y,f
p,y,f
p,y,f
p,y,f
p,y,f
p,y,f
p,y,f
p,y,f
p,y,f
p,y,f
p,y,f
p,y,f
p,y,f
p,y,f
p,y,f
p,y,f
p,y,f
p,y,f
p,y,f
p,y,f
p,y,f
p,y,f
p,y,f
p,y,f
p,y,f
p,y,f
p,y,f
p,y,f
p,y,f
p,y,f
p,y,f
p,y,f
p,y,f
p,y,f
p,y,f
p,y,f
p,y,f
p,y,f
p,y,f
p,y,f
p,y,f
p,y,f
p,y,f
p,y,f
p,y,f
p,y,f
p,y,f
p,y,f
p,y,f
p,y,f
p,y,f
p,y,f
p,y,f
p,y,f
p,y,f
p,y,f
p,y,f
p,y,f
p,y,f
p,y,f
p,y,f
p,y,f
p,y,f
p,y,f
p,y,f
p,y,f
p,y,f
p,y,f
p,y,f
p,y,f
p,y,f
p,y,f
p,y,f
p,y,f
p,y,f
p,y,f
p,y,f
p,y,f
p,y,f
p,y,f
p,y,f
p,y,f
p,y,f
p,y,f
p,y,f
p,y,f
p,y,f
p,y,f
p,y,f
p,y,f
p,y,f
p,y,f
p,y,f
p,y,f
p,y,f
p,y,f
p,y,f
p,y,f
p,y,f
p,y,f
p,y,f
p,y,f
p,y,f
p,y,f
p,y,f
p,y,f
p,y,f
p,y,f
p,y,f
p,y,f
p,y,f
p,y,f
p,y,f
p,y,f
p,y,f
p,y,f
p,y,n
p,y,n
p,y,n
p,y,n
p,y,n
p,y,n
p,y,n
p,y,n
p,y,n
p,y,n
p,y,n
p,y,n
p,y,n
p,y,n
p,y,n
p,y,n
p,y,n
p,y,n
p,y,n
p,y,n
p,y,n
p,y,n
p,y,n
p,y,n